symbol,status,entry_date,exit_date,entry_price,exit_price,shares,exit_reason,pnl_usd,pnl_pct,hold_days,rs_rank,thesis_score,trend_score,confidence,sector,weight_version
NVDA,CLOSED,2023-10-09,2023-10-17,44.7532,43.7634,78,PRICE_BELOW_50MA,-77.21,-2.212,8,99,48.0,78,0.85,technology,1
VRSK,CLOSED,2023-10-16,2023-10-17,242.8549,234.4444,14,PRICE_BELOW_50MA,-117.75,-3.463,1,88,55.0,76,0.85,industrials,1
SMCI,CLOSED,2023-10-09,2023-10-19,28.4304,26.4785,124,PRICE_BELOW_50MA,-242.04,-6.866,10,99,36.0,77,0.85,technology,1
TXT,CLOSED,2023-10-18,2023-10-20,79.5209,75.6066,44,PRICE_BELOW_50MA,-172.23,-4.922,2,82,67.0,78,0.85,industrials,1
HAL,CLOSED,2023-10-19,2023-10-24,39.9184,37.5342,89,PRICE_BELOW_50MA,-212.2,-5.973,5,93,50.0,79,0.85,energy,1
ACGL,CLOSED,2023-10-09,2023-11-29,77.9565,78.2567,28,PRICE_BELOW_50MA,8.41,0.385,51,95,56.0,73,0.85,financials,1
DELL,CLOSED,2023-11-30,2023-12-01,72.0581,66.2237,52,STOP,-303.39,-8.097,1,97,50.0,76,0.85,technology,1
PLTR,CLOSED,2023-11-03,2023-12-06,18.038,17.1129,124,PRICE_BELOW_50MA,-114.72,-5.129,33,99,49.0,74,0.85,technology,1
MDB,CLOSED,2023-11-08,2024-01-02,372.372,383.3063,14,PRICE_BELOW_50MA,153.08,2.936,55,98,54.0,81,0.85,technology,1
CBOE,CLOSED,2023-12-01,2024-01-04,177.8967,169.0846,13,PRICE_BELOW_50MA,-114.56,-4.953,34,92,50.0,71,0.85,financials,1
MSTR,CLOSED,2023-11-06,2024-01-11,46.1481,53.5644,49,PRICE_BELOW_50MA,363.4,16.071,66,96,42.0,74,0.85,technology,1
COIN,CLOSED,2023-12-14,2024-01-11,152.2521,139.9299,36,STOP,-443.6,-8.093,28,99,42.0,80,0.85,financials,1
INTC,CLOSED,2023-11-02,2024-01-26,36.9988,43.0301,97,PRICE_BELOW_50MA,585.03,16.301,85,87,50.0,78,0.85,technology,1
NET,CLOSED,2023-11-08,2024-01-31,65.7457,78.971,54,PRICE_BELOW_50MA,714.16,20.116,84,94,55.0,79,0.85,technology,1
PKG,CLOSED,2023-11-03,2024-02-01,145.4478,152.1242,24,PRICE_BELOW_50MA,160.23,4.59,90,82,61.0,78,0.85,consumer_cyclical,1
RCL,CLOSED,2023-12-04,2024-02-06,107.1731,116.4429,35,PRICE_BELOW_50MA,324.44,8.649,64,95,36.0,77,0.85,consumer_cyclical,1
SHOP,CLOSED,2023-11-28,2024-02-13,72.4924,77.1028,74,PRICE_BELOW_50MA,341.17,6.36,77,97,49.0,80,0.85,technology,1
AKAM,CLOSED,2023-11-06,2024-02-14,108.5785,114.6852,32,PRICE_BELOW_50MA,195.42,5.624,100,85,61.0,79,0.85,technology,1
ZS,CLOSED,2023-11-09,2024-02-21,174.9448,213.7061,31,PRICE_BELOW_50MA,1201.6,22.156,104,94,50.0,81,0.85,technology,1
CRWD,CLOSED,2023-11-29,2024-02-21,55.055,70.6867,43,STOP,672.16,28.393,84,97,36.0,73,0.85,technology,1
STX,CLOSED,2023-12-04,2024-02-21,74.1467,80.5715,31,PRICE_BELOW_50MA,199.17,8.665,79,91,43.0,73,0.85,technology,1
VRT,CLOSED,2024-02-09,2024-02-21,61.8468,54.7932,40,STOP,-282.14,-11.405,12,99,36.0,73,0.85,industrials,1
WDAY,CLOSED,2024-02-27,2024-03-04,292.8826,272.747,8,PRICE_BELOW_50MA,-161.08,-6.875,6,91,57.0,73,0.85,technology,1
NOW,CLOSED,2023-12-01,2024-03-05,137.2271,147.882,16,PRICE_BELOW_50MA,170.48,7.764,95,94,42.0,72,0.85,technology,1
CVNA,CLOSED,2024-03-11,2024-03-12,16.8739,15.5045,233,STOP,-319.06,-8.115,1,99,49.0,78,0.85,consumer_cyclical,1
AVGO,CLOSED,2024-01-19,2024-03-19,112.6625,120.2777,21,PRICE_BELOW_50MA,159.92,6.759,60,94,43.0,69,0.7,technology,1
UBER,CLOSED,2023-11-21,2024-04-04,54.2842,74.8451,41,PRICE_BELOW_50MA,842.99,37.876,135,96,36.0,74,0.85,technology,1
COHR,CLOSED,2024-02-05,2024-04-04,49.2992,57.5124,79,PRICE_BELOW_50MA,648.84,16.66,59,95,36.0,75,0.85,technology,1
DECK,CLOSED,2024-03-14,2024-04-09,157.6575,144.895,16,STOP,-204.2,-8.095,26,96,36.0,70,0.85,consumer_cyclical,1
PHM,CLOSED,2024-03-14,2024-04-10,112.2684,107.1846,35,PRICE_BELOW_50MA,-177.94,-4.528,27,94,44.0,79,0.85,consumer_cyclical,1
ANET,CLOSED,2023-11-01,2024-04-12,50.7832,68.8711,44,STOP,795.86,35.618,163,97,50.0,73,0.85,technology,1
MSFT,CLOSED,2023-11-21,2024-04-15,368.1855,405.3371,6,PRICE_BELOW_50MA,222.91,10.09,146,92,42.0,73,0.85,technology,1
AVGO,CLOSED,2024-04-12,2024-04-17,132.1768,125.1434,45,PRICE_BELOW_50MA,-316.5,-5.321,5,95,50.0,80,0.85,technology,1
DASH,CLOSED,2023-11-21,2024-04-19,94.3442,127.0528,38,PRICE_BELOW_50MA,1242.93,34.669,150,95,42.0,78,0.85,consumer_cyclical,1
SPOT,CLOSED,2023-12-14,2024-04-19,198.5484,279.0007,11,STOP,884.98,40.52,127,98,43.0,74,0.85,consumer_cyclical,1
AMZN,CLOSED,2024-01-12,2024-04-19,155.5454,174.4554,15,PRICE_BELOW_50MA,283.65,12.157,98,88,50.0,74,0.85,consumer_cyclical,1
TT,CLOSED,2024-02-23,2024-04-19,276.8328,281.8919,13,PRICE_BELOW_50MA,65.77,1.827,56,88,50.0,76,0.85,industrials,1
FERG,CLOSED,2024-04-05,2024-04-19,212.2948,200.3287,19,PRICE_BELOW_50MA,-227.36,-5.637,14,87,57.0,75,0.85,industrials,1
URI,CLOSED,2024-04-30,2024-04-30,685.4075,653.1031,7,PRICE_BELOW_50MA,-226.13,-4.713,0,94,50.0,80,0.85,industrials,1
KLAC,CLOSED,2024-04-30,2024-05-01,69.9052,65.2952,86,PRICE_BELOW_50MA,-396.47,-6.595,1,93,50.0,82,0.85,technology,1
WSM,CLOSED,2024-02-27,2024-05-22,111.6551,135.2329,52,PRICE_BELOW_50MA,1226.05,21.117,85,94,45.0,82,0.85,consumer_cyclical,1
GM,CLOSED,2024-04-26,2024-05-22,44.5507,42.8724,90,PRICE_BELOW_50MA,-151.05,-3.767,26,89,57.0,80,0.85,consumer_cyclical,1
CVNA,CLOSED,2024-05-02,2024-05-23,24.014,22.0679,346,STOP,-673.34,-8.104,21,99,48.0,83,0.85,consumer_cyclical,1
SYF,CLOSED,2024-05-03,2024-05-29,43.8875,40.6713,92,PRICE_BELOW_50MA,-295.89,-7.328,26,90,57.0,78,0.85,financials,1
NU,CLOSED,2024-05-16,2024-06-04,12.052,11.3986,342,PRICE_BELOW_50MA,-223.48,-5.422,19,93,50.0,79,0.85,financials,1
AIG,CLOSED,2024-05-20,2024-06-04,76.2822,72.354,54,PRICE_BELOW_50MA,-212.12,-5.15,15,83,61.0,76,0.85,financials,1
APP,CLOSED,2024-03-04,2024-06-11,62.5625,77.2726,95,PRICE_BELOW_50MA,1397.46,23.513,99,99,49.0,83,0.85,communication_services,1
GE,CLOSED,2023-12-01,2024-06-13,95.7203,153.4974,38,PRICE_BELOW_50MA,2195.53,60.36,195,95,50.0,78,0.85,industrials,1
PDD,CLOSED,2024-05-14,2024-06-26,138.6485,138.0918,29,PRICE_BELOW_50MA,-16.15,-0.402,43,95,55.0,75,0.85,consumer_cyclical,1
CMG,CLOSED,2024-01-22,2024-06-27,46.8868,62.3476,82,PRICE_BELOW_50MA,1267.78,32.975,157,87,56.0,75,0.85,consumer_cyclical,1
META,CLOSED,2024-06-26,2024-07-16,503.3776,485.6543,7,PRICE_BELOW_50MA,-124.06,-3.521,20,91,44.0,79,0.85,communication_services,1
LLY,CLOSED,2024-06-03,2024-07-18,812.1311,835.1731,3,PRICE_BELOW_50MA,69.13,2.837,45,92,57.0,72,0.85,healthcare,1
CVNA,CLOSED,2024-07-15,2024-07-23,27.4714,25.2447,225,STOP,-501.01,-8.106,8,99,42.0,81,0.85,consumer_cyclical,1
HOOD,CLOSED,2024-05-15,2024-07-24,18.3684,21.3886,142,PRICE_BELOW_50MA,428.87,16.443,70,97,43.0,73,0.85,financials,1
ANET,CLOSED,2024-06-28,2024-07-24,87.087,81.386,46,PRICE_BELOW_50MA,-262.24,-6.546,26,98,36.0,77,0.85,technology,1
COHR,CLOSED,2024-07-08,2024-07-25,75.4053,69.3006,34,STOP,-207.56,-8.096,17,96,36.0,72,0.85,technology,1
RCL,CLOSED,2024-07-12,2024-07-25,158.7033,146.8163,38,PRICE_BELOW_50MA,-451.71,-7.49,13,93,50.0,80,0.85,consumer_cyclical,1
NTAP,CLOSED,2024-05-21,2024-07-30,107.1216,117.9609,37,PRICE_BELOW_50MA,401.06,10.119,70,94,56.0,79,0.85,technology,1
GDDY,CLOSED,2024-01-22,2024-08-01,109.0589,141.2686,22,PRICE_BELOW_50MA,708.61,29.534,192,89,48.0,74,0.85,technology,1
APO,CLOSED,2024-05-29,2024-08-01,111.1199,112.0379,36,PRICE_BELOW_50MA,33.05,0.826,64,88,61.0,76,0.85,financials,1
JPM,CLOSED,2024-07-16,2024-08-02,201.7339,190.9192,19,PRICE_BELOW_50MA,-205.48,-5.361,17,81,61.0,78,0.85,financials,1
URI,CLOSED,2024-07-26,2024-08-02,749.856,676.2356,5,STOP,-368.1,-9.818,7,95,42.0,79,0.85,industrials,1
KKR,CLOSED,2024-07-30,2024-08-02,118.1848,108.6213,34,STOP,-325.16,-8.092,3,98,36.0,77,0.85,financials,1
WMB,CLOSED,2024-06-13,2024-08-05,38.4843,38.2221,66,PRICE_BELOW_50MA,-17.31,-0.681,53,85,61.0,74,0.85,energy,1
ALNY,CLOSED,2024-08-21,2024-08-30,279.4192,256.8129,8,STOP,-180.85,-8.09,9,99,42.0,73,0.85,healthcare,1
GE,CLOSED,2024-08-29,2024-09-03,170.8183,162.1715,14,PRICE_BELOW_50MA,-121.06,-5.062,5,92,61.0,72,0.85,industrials,1
GDDY,CLOSED,2024-09-03,2024-09-05,167.0769,153.5563,15,STOP,-202.81,-8.092,2,98,36.0,69,0.7,technology,1
NRG,CLOSED,2024-08-26,2024-09-06,81.3334,74.7552,48,STOP,-315.76,-8.088,11,96,43.0,76,0.85,utilities,1
NU,CLOSED,2024-09-03,2024-09-06,14.7547,13.5564,401,STOP,-480.52,-8.122,3,98,49.0,80,0.85,financials,1
CFG,CLOSED,2024-09-03,2024-09-10,39.9689,37.3231,100,PRICE_BELOW_50MA,-264.58,-6.62,7,92,42.0,78,0.85,financials,1
KEY,CLOSED,2024-08-26,2024-09-11,15.5815,14.3157,258,STOP,-326.59,-8.124,16,90,42.0,76,0.85,financials,1
GRMN,CLOSED,2024-09-03,2024-09-16,176.8302,167.0707,22,PRICE_BELOW_50MA,-214.71,-5.519,13,91,50.0,76,0.85,technology,1
PANW,CLOSED,2024-08-16,2024-09-18,169.4092,164.7101,23,PRICE_BELOW_50MA,-108.08,-2.774,33,90,50.0,79,0.85,technology,1
ALL,CLOSED,2024-08-02,2024-10-07,169.2227,174.2612,34,PRICE_BELOW_50MA,171.31,2.977,66,90,50.0,81,0.85,financials,1
NRG,CLOSED,2024-10-04,2024-10-11,91.9942,84.5454,44,STOP,-327.75,-8.097,7,98,36.0,75,0.85,utilities,1
PGR,CLOSED,2024-08-28,2024-10-22,226.4529,228.1943,17,PRICE_BELOW_50MA,29.6,0.769,55,95,50.0,75,0.85,financials,1
HIG,CLOSED,2024-09-10,2024-10-25,113.4237,108.3611,22,PRICE_BELOW_50MA,-111.38,-4.463,45,92,44.0,73,0.85,financials,1
TT,CLOSED,2024-09-03,2024-10-30,355.883,369.0867,16,PRICE_BELOW_50MA,211.26,3.71,57,92,44.0,80,0.85,industrials,1
HOOD,CLOSED,2024-10-29,2024-10-31,28.2782,25.994,156,STOP,-356.35,-8.078,2,98,42.0,77,0.85,financials,1
APP,CLOSED,2024-08-15,2024-11-04,86.096,158.3015,70,STOP,5054.39,83.866,81,97,42.0,80,0.85,communication_services,1
AVGO,CLOSED,2024-09-20,2024-11-04,164.4987,165.5154,24,PRICE_BELOW_50MA,24.4,0.618,45,90,49.0,76,0.85,technology,1
UPST,CLOSED,2024-10-07,2024-11-12,41.3213,71.0289,101,STOP,3000.47,71.894,36,98,42.0,77,0.85,financials,1
RKLB,CLOSED,2024-10-15,2024-11-15,9.8298,16.933,273,STOP,1939.18,72.262,31,99,42.0,70,0.85,industrials,1
PLTR,CLOSED,2024-08-09,2024-11-18,29.3093,60.4495,134,STOP,4172.79,106.247,101,99,36.0,76,0.85,technology,1
TRGP,CLOSED,2024-08-13,2024-12-09,131.5131,180.0298,29,STOP,1406.98,36.891,118,95,50.0,76,0.85,energy,1
CVNA,CLOSED,2024-09-19,2024-12-10,33.4835,46.8931,187,STOP,2507.6,40.048,82,99,36.0,81,0.85,consumer_cyclical,1
ORCL,CLOSED,2024-11-22,2024-12-10,189.4629,169.9408,25,STOP,-488.05,-10.304,18,90,56.0,78,0.85,technology,1
AXON,CLOSED,2024-09-26,2024-12-16,396.6262,620.1792,6,STOP,1341.32,56.364,81,96,49.0,72,0.85,industrials,1
BNY,CLOSED,2024-08-19,2024-12-18,63.0503,73.1315,62,PRICE_BELOW_50MA,625.03,15.989,121,85,50.0,76,0.85,financials,1
COHR,CLOSED,2024-09-19,2024-12-18,84.7647,97.2327,74,PRICE_BELOW_50MA,922.63,14.709,90,98,36.0,80,0.85,technology,1
HWM,CLOSED,2024-09-20,2024-12-18,96.8742,107.1366,26,PRICE_BELOW_50MA,266.82,10.594,89,95,42.0,71,0.85,industrials,1
CBRE,CLOSED,2024-09-27,2024-12-18,124.2241,128.7911,20,PRICE_BELOW_50MA,91.34,3.676,82,93,37.0,71,0.85,real_estate,1
KKR,CLOSED,2024-10-10,2024-12-18,132.9562,141.2059,20,PRICE_BELOW_50MA,164.99,6.205,69,96,42.0,72,0.85,financials,1
DASH,CLOSED,2024-10-30,2024-12-18,154.3442,165.2246,17,PRICE_BELOW_50MA,184.97,7.049,49,96,42.0,69,0.7,consumer_cyclical,1
NCLH,CLOSED,2024-11-01,2024-12-18,25.2752,25.0749,107,PRICE_BELOW_50MA,-21.44,-0.793,47,97,49.0,72,0.85,consumer_cyclical,1
BX,CLOSED,2024-11-07,2024-12-18,165.7781,161.3223,26,PRICE_BELOW_50MA,-115.85,-2.688,41,90,42.0,75,0.85,financials,1
WFC,CLOSED,2024-11-22,2024-12-18,71.8738,66.0539,41,STOP,-238.62,-8.097,26,90,42.0,72,0.85,financials,1
LITE,CLOSED,2024-11-25,2024-12-18,89.6996,82.4375,81,STOP,-588.23,-8.096,23,96,42.0,80,0.85,technology,1
SHOP,CLOSED,2024-12-18,2024-12-19,118.9238,109.3006,25,STOP,-240.58,-8.092,1,94,42.0,70,0.85,technology,1
TTD,CLOSED,2024-10-28,2024-12-20,120.3002,124.885,22,PRICE_BELOW_50MA,100.87,3.811,53,91,48.0,69,0.7,consumer_cyclical,1
HOOD,CLOSED,2024-11-26,2024-12-20,37.087,34.0859,127,STOP,-381.15,-8.092,24,99,36.0,79,0.85,financials,1
RCL,CLOSED,2024-10-30,2025-01-02,201.7526,222.2115,20,PRICE_BELOW_50MA,409.18,10.141,64,97,43.0,76,0.85,consumer_cyclical,1
APO,CLOSED,2024-11-20,2025-01-07,163.2772,158.0475,29,PRICE_BELOW_50MA,-151.66,-3.203,48,95,36.0,79,0.85,financials,1
GDDY,CLOSED,2024-10-18,2025-01-10,165.165,192.6671,16,PRICE_BELOW_50MA,440.03,16.651,84,94,61.0,74,0.85,technology,1
COIN,CLOSED,2025-01-24,2025-01-27,300.3,276.0037,23,STOP,-558.81,-8.091,3,97,48.0,83,0.85,financials,1
COIN,CLOSED,2025-01-31,2025-01-31,301.1608,291.0387,22,PRICE_BELOW_50MA,-222.69,-3.361,0,96,37.0,83,0.85,financials,1
HOOD,CLOSED,2025-02-10,2025-02-12,57.2372,52.6073,124,STOP,-574.1,-8.089,2,99,36.0,80,0.85,financials,1
PLTR,CLOSED,2025-02-04,2025-02-24,102.9028,94.5753,81,STOP,-674.53,-8.093,20,99,36.0,82,0.85,technology,1
IBKR,CLOSED,2024-11-18,2025-02-25,44.8641,49.7721,66,PRICE_BELOW_50MA,323.93,10.94,99,97,43.0,74,0.85,financials,1
APP,CLOSED,2025-02-11,2025-02-25,381.9816,387.3223,18,STOP,96.13,1.398,14,99,42.0,82,0.85,communication_services,1
ISRG,CLOSED,2025-01-13,2025-02-27,543.9434,563.2062,7,PRICE_BELOW_50MA,134.84,3.541,45,86,61.0,79,0.85,healthcare,1
JPM,CLOSED,2025-01-14,2025-03-04,235.7482,242.6362,19,PRICE_BELOW_50MA,130.87,2.922,49,83,58.0,78,0.85,financials,1
WFC,CLOSED,2025-02-06,2025-03-04,77.5894,71.3086,60,STOP,-376.85,-8.095,26,89,56.0,78,0.85,financials,1
NFLX,CLOSED,2025-02-05,2025-03-06,98.8718,90.869,28,STOP,-224.08,-8.094,29,92,48.0,74,0.85,communication_services,1
FOX,CLOSED,2025-02-19,2025-03-11,51.8012,48.1964,92,PRICE_BELOW_50MA,-331.64,-6.959,20,93,42.0,77,0.85,communication_services,1
TMUS,CLOSED,2025-03-04,2025-03-12,265.8157,244.3055,10,STOP,-215.1,-8.092,8,94,42.0,69,0.7,communication_services,1
FOXA,CLOSED,2025-02-13,2025-03-13,53.6315,50.2852,86,PRICE_BELOW_50MA,-287.79,-6.24,28,93,50.0,77,0.85,communication_services,1
AEE,CLOSED,2025-02-06,2025-04-04,92.2874,91.704,49,PRICE_BELOW_50MA,-28.59,-0.632,57,78,67.0,80,0.85,utilities,1
NI,CLOSED,2025-02-12,2025-04-04,36.5133,35.7206,125,PRICE_BELOW_50MA,-99.09,-2.171,51,83,61.0,76,0.85,utilities,1
EQT,CLOSED,2025-04-03,2025-04-04,50.6745,46.5734,126,STOP,-516.74,-8.093,1,94,44.0,81,0.85,energy,1
BRO,CLOSED,2025-04-04,2025-04-07,120.9834,111.1887,22,STOP,-215.48,-8.096,3,96,36.0,68,0.7,financials,1
VTR,CLOSED,2025-05-01,2025-05-01,66.0927,62.9725,66,PRICE_BELOW_50MA,-205.93,-4.721,0,96,61.0,79,0.85,real_estate,1
EXC,CLOSED,2025-03-31,2025-05-08,42.9982,42.6946,66,PRICE_BELOW_50MA,-20.04,-0.706,38,90,45.0,73,0.85,utilities,1
MO,CLOSED,2025-05-01,2025-05-12,53.4371,51.5472,83,PRICE_BELOW_50MA,-156.86,-3.537,11,94,44.0,76,0.85,consumer_defensive,1
RKLB,CLOSED,2025-05-09,2025-05-12,22.9229,21.0689,122,STOP,-226.19,-8.088,3,99,43.0,74,0.85,industrials,1
ATO,CLOSED,2025-04-17,2025-05-13,151.2791,148.4267,29,PRICE_BELOW_50MA,-82.72,-1.885,26,90,56.0,77,0.85,utilities,1
MSTR,CLOSED,2025-05-12,2025-05-23,421.3409,387.2424,10,STOP,-340.99,-8.093,11,99,36.0,75,0.85,technology,1
CME,CLOSED,2025-05-29,2025-06-09,272.0443,256.8369,16,PRICE_BELOW_50MA,-243.32,-5.59,11,87,44.0,78,0.85,financials,1
CHTR,CLOSED,2025-05-14,2025-06-16,407.437,374.4652,11,STOP,-362.69,-8.093,33,93,42.0,75,0.85,communication_services,1
APP,CLOSED,2025-05-28,2025-06-18,381.7614,350.8688,16,STOP,-494.28,-8.092,21,99,36.0,80,0.85,communication_services,1
WRB,CLOSED,2025-05-08,2025-06-25,70.357,69.6956,64,PRICE_BELOW_50MA,-42.34,-0.94,48,94,50.0,78,0.85,financials,1
HIG,CLOSED,2025-05-13,2025-06-25,125.6067,121.2164,36,PRICE_BELOW_50MA,-158.05,-3.495,43,87,50.0,75,0.85,financials,1
KMI,CLOSED,2025-05-28,2025-07-09,26.9486,26.4196,169,PRICE_BELOW_50MA,-89.4,-1.963,42,91,50.0,75,0.85,energy,1
AXON,CLOSED,2025-06-25,2025-07-10,800.8,736.0033,3,STOP,-194.39,-8.092,15,98,36.0,70,0.7,industrials,1
NRG,CLOSED,2025-05-07,2025-07-15,114.1404,144.5606,38,PRICE_BELOW_50MA,1155.97,26.652,69,95,36.0,77,0.85,utilities,1
VRSN,CLOSED,2025-05-08,2025-07-17,283.0996,276.3288,16,PRICE_BELOW_50MA,-108.33,-2.392,70,98,42.0,75,0.85,technology,1
PM,CLOSED,2025-06-13,2025-07-22,174.9375,160.7791,16,STOP,-226.53,-8.093,39,94,42.0,72,0.85,consumer_defensive,1
SPOT,CLOSED,2025-06-24,2025-07-22,734.6339,675.1841,6,STOP,-356.7,-8.092,28,96,36.0,76,0.85,consumer_cyclical,1
PNR,CLOSED,2025-07-11,2025-07-22,105.3862,96.863,43,STOP,-366.5,-8.088,11,86,50.0,76,0.85,industrials,1
IBM,CLOSED,2025-06-20,2025-07-24,270.6459,248.741,10,STOP,-219.05,-8.094,34,91,42.0,70,0.85,technology,1
BE,CLOSED,2025-06-04,2025-08-01,20.6206,32.7073,224,STOP,2707.41,58.614,58,89,49.0,80,0.85,industrials,1
COIN,CLOSED,2025-07-11,2025-08-01,390.5802,334.8049,16,STOP,-892.41,-14.28,21,99,43.0,80,0.85,financials,1
RL,CLOSED,2025-07-25,2025-08-07,295.0758,271.1985,23,STOP,-549.18,-8.092,13,92,50.0,80,0.85,consumer_cyclical,1
HWM,CLOSED,2025-05-01,2025-08-13,146.1124,176.2562,32,PRICE_BELOW_50MA,964.6,20.631,104,98,36.0,79,0.85,industrials,1
RBLX,CLOSED,2025-05-01,2025-08-13,70.1801,123.886,41,STOP,2201.94,76.526,104,96,36.0,73,0.85,consumer_cyclical,1
GEV,CLOSED,2025-04-24,2025-08-19,341.9069,596.1433,8,STOP,2033.89,74.358,117,98,36.0,74,0.85,industrials,1
ORCL,CLOSED,2025-07-01,2025-08-21,216.5853,230.302,14,PRICE_BELOW_50MA,192.03,6.333,51,94,36.0,73,0.85,technology,1
TRMB,CLOSED,2025-07-18,2025-08-29,82.5224,80.7392,58,PRICE_BELOW_50MA,-103.43,-2.161,42,87,48.0,78,0.85,technology,1
HOOD,CLOSED,2025-06-23,2025-09-02,77.9379,100.7392,36,PRICE_BELOW_50MA,820.85,29.256,71,99,36.0,72,0.85,financials,1
PLTR,CLOSED,2025-05-14,2025-09-03,129.139,154.7451,52,PRICE_BELOW_50MA,1331.52,19.828,112,99,36.0,80,0.85,technology,1
BE,CLOSED,2025-08-13,2025-09-23,43.043,79.2906,180,STOP,6524.57,84.213,41,99,37.0,80,0.85,industrials,1
LITE,CLOSED,2025-08-01,2025-09-24,103.9438,154.1957,44,STOP,2211.08,48.345,54,97,31.0,75,0.85,technology,1
AFRM,CLOSED,2025-08-25,2025-09-25,79.0089,77.8621,38,PRICE_BELOW_50MA,-43.58,-1.452,31,98,36.0,73,0.85,financials,1
UAL,CLOSED,2025-08-25,2025-09-26,102.102,97.8121,70,PRICE_BELOW_50MA,-300.29,-4.202,32,98,43.0,81,0.85,industrials,1
CVNA,CLOSED,2025-09-18,2025-10-08,76.4314,72.1098,70,PRICE_BELOW_50MA,-302.51,-5.654,20,97,50.0,76,0.85,consumer_cyclical,1
GS,CLOSED,2025-09-05,2025-10-16,738.4188,742.7238,4,PRICE_BELOW_50MA,17.22,0.583,41,87,50.0,69,0.7,financials,1
NET,CLOSED,2025-09-23,2025-10-16,228.5683,210.0697,34,STOP,-628.95,-8.093,23,97,42.0,84,0.85,technology,1
ALNY,CLOSED,2025-06-20,2025-10-30,313.313,441.6579,9,STOP,1155.1,40.964,132,96,36.0,70,0.7,healthcare,1
SOFI,CLOSED,2025-07-30,2025-10-31,20.8508,28.4615,134,STOP,1019.83,36.501,93,98,49.0,69,0.7,financials,1
SHOP,CLOSED,2025-07-15,2025-11-04,117.107,160.9489,25,STOP,1096.05,37.437,112,92,48.0,73,0.85,technology,1
TTWO,CLOSED,2025-09-18,2025-11-07,251.3411,230.9988,20,STOP,-406.85,-8.094,50,83,57.0,76,0.85,communication_services,1
APP,CLOSED,2025-11-11,2025-11-11,648.0474,594.3151,13,PRICE_BELOW_50MA,-698.52,-8.291,0,98,42.0,87,0.85,communication_services,1
CIEN,CLOSED,2025-07-16,2025-11-13,82.9529,192.5672,85,STOP,9317.22,132.141,120,93,44.0,85,0.85,technology,1
FLEX,CLOSED,2025-09-22,2025-11-13,58.4083,59.4705,137,PRICE_BELOW_50MA,145.51,1.818,52,92,44.0,80,0.85,technology,1
GLW,CLOSED,2025-10-27,2025-11-13,87.9516,80.8391,39,STOP,-277.39,-8.087,17,95,36.0,73,0.85,technology,1
INTC,CLOSED,2025-10-27,2025-11-14,38.4284,34.995,88,STOP,-302.14,-8.935,18,97,42.0,68,0.7,technology,1
IVZ,CLOSED,2025-09-10,2025-11-17,21.5766,21.9191,147,PRICE_BELOW_50MA,50.35,1.587,68,92,42.0,72,0.85,financials,1
HII,CLOSED,2025-11-12,2025-11-21,316.5113,290.8988,25,STOP,-640.31,-8.092,9,93,49.0,83,0.85,industrials,1
ABBV,CLOSED,2025-11-24,2025-12-01,230.7796,219.6907,23,PRICE_BELOW_50MA,-255.05,-4.805,7,89,58.0,78,0.85,healthcare,1
MCK,CLOSED,2025-11-24,2025-12-03,865.2214,802.156,4,PRICE_BELOW_50MA,-252.26,-7.289,9,91,42.0,69,0.7,healthcare,1
VLO,CLOSED,2025-11-17,2025-12-12,178.1349,165.6792,45,PRICE_BELOW_50MA,-560.51,-6.992,25,90,50.0,83,0.85,energy,1
AVGO,CLOSED,2025-12-10,2025-12-12,399.6308,367.2923,20,STOP,-646.77,-8.092,2,96,42.0,81,0.85,technology,1
IDXX,CLOSED,2025-11-24,2025-12-23,733.783,681.6277,4,PRICE_BELOW_50MA,-208.62,-7.108,29,93,50.0,73,0.85,healthcare,1
FER,CLOSED,2025-12-12,2026-01-02,66.7533,63.8598,50,PRICE_BELOW_50MA,-144.68,-4.335,21,89,57.0,71,0.85,industrials,1
APH,CLOSED,2026-01-06,2026-01-08,68.553,67.7153,77,PRICE_BELOW_50MA,-64.51,-1.222,2,95,65.0,79,0.85,technology,1
LITE,CLOSED,2026-01-07,2026-01-08,378.398,347.7819,8,STOP,-244.93,-8.091,1,99,36.0,74,0.85,technology,1
WBD,CLOSED,2025-10-30,2026-02-03,21.4915,27.1628,160,PRICE_BELOW_50MA,907.41,26.389,96,97,55.0,72,0.85,communication_services,1
FOXA,CLOSED,2025-11-10,2026-02-03,65.5733,69.5498,83,PRICE_BELOW_50MA,330.04,6.064,85,87,50.0,76,0.85,communication_services,1
IVZ,CLOSED,2025-12-23,2026-02-03,26.7294,25.9141,199,PRICE_BELOW_50MA,-162.24,-3.05,42,93,48.0,77,0.85,financials,1
RKLB,CLOSED,2026-01-06,2026-02-04,77.8378,71.5384,103,STOP,-648.84,-8.093,29,99,43.0,83,0.85,industrials,1
AMD,CLOSED,2026-01-15,2026-02-04,228.1279,209.6701,36,STOP,-664.48,-8.091,20,91,48.0,80,0.85,technology,1
BE,CLOSED,2026-01-28,2026-02-04,154.154,141.6782,35,STOP,-436.65,-8.093,7,99,36.0,77,0.85,industrials,1
ROK,CLOSED,2026-01-30,2026-02-05,417.8316,384.0256,12,STOP,-405.67,-8.091,6,89,56.0,78,0.85,industrials,1
CMI,CLOSED,2026-01-30,2026-02-05,569.918,523.7957,5,STOP,-230.61,-8.093,6,94,42.0,71,0.85,industrials,1
GM,CLOSED,2026-01-06,2026-02-09,82.2385,80.0694,40,PRICE_BELOW_50MA,-86.76,-2.637,34,94,48.0,70,0.85,consumer_cyclical,1
GOOG,CLOSED,2025-11-07,2026-02-10,283.7534,317.6897,11,PRICE_BELOW_50MA,373.3,11.96,95,95,36.0,74,0.85,communication_services,1
GOOGL,CLOSED,2025-11-07,2026-02-10,282.7578,317.6435,12,PRICE_BELOW_50MA,418.63,12.338,95,95,36.0,74,0.85,communication_services,1
CHRW,CLOSED,2026-01-28,2026-02-12,178.3725,163.9359,30,STOP,-433.1,-8.093,15,94,42.0,76,0.85,industrials,1
WDC,CLOSED,2026-02-19,2026-02-24,295.0121,271.1386,11,STOP,-262.61,-8.092,5,99,36.0,74,0.85,technology,1
LUV,CLOSED,2026-02-19,2026-02-25,53.6439,49.3007,149,STOP,-647.14,-8.096,6,97,42.0,80,0.85,industrials,1
NEM,CLOSED,2025-12-22,2026-03-05,104.2321,115.4634,53,PRICE_BELOW_50MA,595.26,10.775,73,97,49.0,75,0.85,basic_materials,1
FCX,CLOSED,2026-01-22,2026-03-06,60.5601,59.0271,56,PRICE_BELOW_50MA,-85.85,-2.531,43,94,36.0,73,0.85,basic_materials,1
DD,CLOSED,2026-01-26,2026-03-06,131.4587,134.5163,41,PRICE_BELOW_50MA,125.36,2.326,39,89,50.0,75,0.85,basic_materials,1
LITE,CLOSED,2026-02-18,2026-03-06,602.6921,609.8346,8,STOP,57.14,1.185,16,99,36.0,76,0.85,technology,1
JBHT,CLOSED,2026-03-02,2026-03-06,231.6596,212.9169,14,STOP,-262.4,-8.091,4,89,49.0,74,0.85,industrials,1
HII,CLOSED,2026-03-03,2026-03-12,439.6253,404.0555,18,STOP,-640.26,-8.091,9,97,36.0,81,0.85,industrials,1
TPR,CLOSED,2025-12-19,2026-03-18,123.866,139.2229,26,PRICE_BELOW_50MA,399.28,12.398,89,95,42.0,72,0.85,consumer_cyclical,1
HWM,CLOSED,2026-01-06,2026-03-19,213.4839,232.4922,36,PRICE_BELOW_50MA,684.3,8.904,72,92,61.0,80,0.85,industrials,1
RTX,CLOSED,2026-01-06,2026-03-20,186.8617,196.4879,28,PRICE_BELOW_50MA,269.53,5.152,73,86,57.0,78,0.85,industrials,1
LHX,CLOSED,2026-01-22,2026-03-23,344.3267,342.1028,10,PRICE_BELOW_50MA,-22.24,-0.646,60,88,48.0,72,0.85,industrials,1
APA,CLOSED,2026-02-04,2026-04-08,26.4523,36.4409,209,STOP,2087.62,37.761,63,81,56.0,77,0.85,energy,1
VLO,CLOSED,2026-03-20,2026-04-17,241.3692,221.8379,22,STOP,-429.69,-8.092,28,95,31.0,78,0.85,energy,1
DOW,CLOSED,2026-03-25,2026-04-17,37.517,34.4855,143,STOP,-433.51,-8.08,23,93,36.0,79,0.85,basic_materials,1
VRT,CLOSED,2026-04-24,2026-04-28,328.1792,301.6181,25,STOP,-664.03,-8.093,4,98,30.0,82,0.85,industrials,1
ROST,CLOSED,2026-03-26,2026-05-11,215.7057,213.5034,15,PRICE_BELOW_50MA,-33.03,-1.021,46,90,50.0,74,0.85,consumer_cyclical,1
JCI,CLOSED,2026-04-28,2026-05-18,140.8563,136.4123,37,PRICE_BELOW_50MA,-164.43,-3.155,20,88,50.0,82,0.85,industrials,1
MPWR,CLOSED,2026-05-07,2026-05-18,1633.0586,1500.9076,2,STOP,-264.3,-8.092,11,93,36.0,68,0.7,technology,1
PWR,CLOSED,2026-01-29,2026-05-19,481.5107,705.425,11,STOP,2463.06,46.502,110,88,50.0,75,0.85,industrials,1
ADI,CLOSED,2026-05-12,2026-05-20,415.8583,382.2074,13,STOP,-437.46,-8.092,8,92,36.0,79,0.85,technology,1
HAL,CLOSED,2026-03-12,2026-05-28,34.9437,38.9435,149,PRICE_BELOW_50MA,595.97,11.446,77,88,42.0,75,0.85,energy,1
GEV,CLOSED,2026-03-24,2026-05-28,864.5524,994.4958,4,PRICE_BELOW_50MA,519.77,15.03,65,97,36.0,71,0.85,industrials,1
LITE,CLOSED,2026-05-01,2026-05-28,913.913,859.7594,4,PRICE_BELOW_50MA,-216.61,-5.925,27,99,36.0,73,0.85,technology,1
MPWR,CLOSED,2026-05-27,2026-05-29,1704.2062,1566.3021,2,STOP,-275.81,-8.092,2,94,36.0,71,0.85,technology,1
RKLB,CLOSED,2026-05-26,2026-06-01,142.107,130.6093,40,STOP,-459.91,-8.091,6,98,42.0,78,0.85,industrials,1
VRT,CLOSED,2026-05-01,2026-06-05,330.8307,304.0556,16,STOP,-428.4,-8.093,35,98,30.0,77,0.85,industrials,1
NBIS,CLOSED,2026-05-29,2026-06-09,228.0879,209.6302,34,STOP,-627.56,-8.092,11,99,42.0,85,0.85,technology,1
CMI,CLOSED,2026-04-20,2026-06-10,623.1727,627.5536,8,PRICE_BELOW_50MA,35.05,0.703,51,91,42.0,78,0.85,industrials,1
BE,CLOSED,2026-04-22,2026-06-10,229.1089,232.3175,15,STOP,48.13,1.4,49,99,36.0,74,0.85,industrials,1
FLEX,CLOSED,2026-06-01,2026-06-10,149.7796,137.6622,22,STOP,-266.58,-8.09,9,97,36.0,69,0.7,technology,1
WDC,CLOSED,2026-04-30,2026-06-23,427.3085,664.3315,8,STOP,1896.18,55.469,54,99,36.0,74,0.85,technology,1
ARM,CLOSED,2026-06-16,2026-06-23,401.401,368.9207,8,STOP,-259.84,-8.092,7,99,36.0,72,0.85,technology,1
CAT,CLOSED,2026-04-20,2026-07-15,790.225,911.6944,6,PRICE_BELOW_50MA,728.82,15.372,86,94,44.0,79,0.85,industrials,1
HPE,CLOSED,2026-07-10,2026-07-16,48.9552,44.995,68,STOP,-269.3,-8.09,6,97,31.0,71,0.85,technology,1
DAL,CLOSED,2026-06-16,2026-07-23,84.9753,81.888,64,PRICE_BELOW_50MA,-197.58,-3.633,37,87,48.0,84,0.85,industrials,1
PANW,CLOSED,2026-07-20,2026-07-23,355.0747,326.3433,14,STOP,-402.24,-8.092,3,98,36.0,76,0.85,technology,1
JBHT,CLOSED,2026-07-01,2026-07-28,289.2316,276.8754,11,PRICE_BELOW_50MA,-135.92,-4.272,27,92,42.0,71,0.85,industrials,1
AAPL,CLOSED,2026-07-29,2026-07-31,339.7767,304.2428,14,STOP,-497.47,-10.458,2,89,42.0,82,0.85,technology,1
LITE,CLOSED,2026-08-05,2026-08-10,825.6148,812.6965,9,PRICE_BELOW_50MA,-116.26,-1.565,5,99,36.0,80,0.85,technology,1
FTNT,CLOSED,2026-06-29,2026-08-19,153.123,152.6972,22,PRICE_BELOW_50MA,-9.37,-0.278,51,95,36.0,71,0.85,technology,1
MNST,CLOSED,2026-08-25,2026-08-27,48.9089,46.6533,108,PRICE_BELOW_50MA,-243.6,-4.612,2,83,61.0,79,0.85,consumer_defensive,1
NET,CLOSED,2026-07-31,2026-09-02,285.2049,272.4673,11,PRICE_BELOW_50MA,-140.11,-4.466,33,92,36.0,72,0.85,technology,1
CRWD,CLOSED,2026-08-28,2026-09-02,228.4582,209.9698,14,STOP,-258.84,-8.093,5,97,43.0,74,0.85,technology,1
VRTX,CLOSED,2026-09-03,2026-09-10,559.559,514.2752,8,STOP,-362.27,-8.093,7,87,56.0,81,0.85,healthcare,1
TEAM,CLOSED,2026-08-28,2026-09-29,185.185,170.1996,41,STOP,-614.4,-8.092,32,95,43.0,80,0.85,technology,1
